{"files":{"fbicon-df9f6d077131544dac87e9a2637b1586.png":{"logical_path":"fbicon.png","mtime":"2014-08-05T19:04:03-07:00","size":1246,"digest":"df9f6d077131544dac87e9a2637b1586"},"mail-8e7e0e615f5f06165adf540cd3741abf.png":{"logical_path":"mail.png","mtime":"2014-08-05T19:04:04-07:00","size":2086,"digest":"8e7e0e615f5f06165adf540cd3741abf"},"sarah_background2-80b5a1c48c3471b8c5769b9dbbd361eb.gif":{"logical_path":"sarah_background2.gif","mtime":"2014-08-07T00:18:18-07:00","size":41810,"digest":"80b5a1c48c3471b8c5769b9dbbd361eb"},"sarah_background2-cc24fd5c5c745070edb0aa1903ad65ae.jpg":{"logical_path":"sarah_background2.jpg","mtime":"2014-08-05T19:04:04-07:00","size":126293,"digest":"cc24fd5c5c745070edb0aa1903ad65ae"},"twittericon-34f45cf50eaee9cf5908814f11d59b12.png":{"logical_path":"twittericon.png","mtime":"2014-08-05T19:04:04-07:00","size":1637,"digest":"34f45cf50eaee9cf5908814f11d59b12"},"application-f7852105aebd5ca6970e9f508ad30e39.js":{"logical_path":"application.js","mtime":"2014-08-07T17:50:20-07:00","size":347224,"digest":"f7852105aebd5ca6970e9f508ad30e39"},"application-ce5ad308d72d9a23906ea63343ea6bba.css":{"logical_path":"application.css","mtime":"2014-08-07T17:16:23-07:00","size":328924,"digest":"ce5ad308d72d9a23906ea63343ea6bba"},"cats/cat_about-0235a8accfa0fcd47ba7ab7dc0e2e49a.html":{"logical_path":"cats/cat_about.html","mtime":"2014-08-05T19:04:04-07:00","size":1195,"digest":"0235a8accfa0fcd47ba7ab7dc0e2e49a"},"cats/cat_contact-9b26289896b8b3989fdb47a4250154c8.html":{"logical_path":"cats/cat_contact.html","mtime":"2014-08-05T19:04:04-07:00","size":887,"digest":"9b26289896b8b3989fdb47a4250154c8"},"cats/cat_index-55ddc53eab66912a01e78e81239c00f1.html":{"logical_path":"cats/cat_index.html","mtime":"2014-08-07T15:38:18-07:00","size":2284,"digest":"55ddc53eab66912a01e78e81239c00f1"},"cats/cat_show.html-fe0376dfe758b5b71d56d0ea80caf1af.slim":{"logical_path":"cats/cat_show.html.slim","mtime":"2014-08-05T23:30:25-07:00","size":822,"digest":"fe0376dfe758b5b71d56d0ea80caf1af"},"cats/edit/drag_drop-dfaaa12a42402ba7400470e07f00196f.html":{"logical_path":"cats/edit/drag_drop.html","mtime":"2014-08-05T19:04:04-07:00","size":562,"digest":"dfaaa12a42402ba7400470e07f00196f"},"cats/edit/edit_cat_about-d8cdfbeb131d20581a05350f7a1f3891.html":{"logical_path":"cats/edit/edit_cat_about.html","mtime":"2014-08-05T19:04:04-07:00","size":1171,"digest":"d8cdfbeb131d20581a05350f7a1f3891"},"cats/edit/edit_cat_contact-9b26289896b8b3989fdb47a4250154c8.html":{"logical_path":"cats/edit/edit_cat_contact.html","mtime":"2014-08-05T19:04:04-07:00","size":887,"digest":"9b26289896b8b3989fdb47a4250154c8"},"cats/edit/edit_cat_index-2925cba653ea111860c08753a7496f22.html":{"logical_path":"cats/edit/edit_cat_index.html","mtime":"2014-08-07T15:01:57-07:00","size":2370,"digest":"2925cba653ea111860c08753a7496f22"},"cats/edit/edit_cat_show-1daa53616661e8bec10151efb7cab591.html":{"logical_path":"cats/edit/edit_cat_show.html","mtime":"2014-08-07T14:56:03-07:00","size":4273,"digest":"1daa53616661e8bec10151efb7cab591"},"bootstrap/glyphicons-halflings-regular-147f3f6e098736e89ffab2c15cfbef06.eot":{"logical_path":"bootstrap/glyphicons-halflings-regular.eot","mtime":"2014-07-29T13:30:20-07:00","size":20335,"digest":"147f3f6e098736e89ffab2c15cfbef06"},"bootstrap/glyphicons-halflings-regular-777bc40741c377d9f064d1ed31041f79.svg":{"logical_path":"bootstrap/glyphicons-halflings-regular.svg","mtime":"2014-07-29T13:30:20-07:00","size":62927,"digest":"777bc40741c377d9f064d1ed31041f79"},"bootstrap/glyphicons-halflings-regular-38ab34013ba10653660d52a9cf85d53e.ttf":{"logical_path":"bootstrap/glyphicons-halflings-regular.ttf","mtime":"2014-07-29T13:30:20-07:00","size":41280,"digest":"38ab34013ba10653660d52a9cf85d53e"},"bootstrap/glyphicons-halflings-regular-41eac767e76e3241f42674b78614369e.woff":{"logical_path":"bootstrap/glyphicons-halflings-regular.woff","mtime":"2014-07-29T13:30:20-07:00","size":23320,"digest":"41eac767e76e3241f42674b78614369e"}},"assets":{"fbicon.png":"fbicon-df9f6d077131544dac87e9a2637b1586.png","mail.png":"mail-8e7e0e615f5f06165adf540cd3741abf.png","sarah_background2.gif":"sarah_background2-80b5a1c48c3471b8c5769b9dbbd361eb.gif","sarah_background2.jpg":"sarah_background2-cc24fd5c5c745070edb0aa1903ad65ae.jpg","twittericon.png":"twittericon-34f45cf50eaee9cf5908814f11d59b12.png","application.js":"application-f7852105aebd5ca6970e9f508ad30e39.js","application.css":"application-ce5ad308d72d9a23906ea63343ea6bba.css","cats/cat_about.html":"cats/cat_about-0235a8accfa0fcd47ba7ab7dc0e2e49a.html","cats/cat_contact.html":"cats/cat_contact-9b26289896b8b3989fdb47a4250154c8.html","cats/cat_index.html":"cats/cat_index-55ddc53eab66912a01e78e81239c00f1.html","cats/cat_show.html.slim":"cats/cat_show.html-fe0376dfe758b5b71d56d0ea80caf1af.slim","cats/edit/drag_drop.html":"cats/edit/drag_drop-dfaaa12a42402ba7400470e07f00196f.html","cats/edit/edit_cat_about.html":"cats/edit/edit_cat_about-d8cdfbeb131d20581a05350f7a1f3891.html","cats/edit/edit_cat_contact.html":"cats/edit/edit_cat_contact-9b26289896b8b3989fdb47a4250154c8.html","cats/edit/edit_cat_index.html":"cats/edit/edit_cat_index-2925cba653ea111860c08753a7496f22.html","cats/edit/edit_cat_show.html":"cats/edit/edit_cat_show-1daa53616661e8bec10151efb7cab591.html","bootstrap/glyphicons-halflings-regular.eot":"bootstrap/glyphicons-halflings-regular-147f3f6e098736e89ffab2c15cfbef06.eot","bootstrap/glyphicons-halflings-regular.svg":"bootstrap/glyphicons-halflings-regular-777bc40741c377d9f064d1ed31041f79.svg","bootstrap/glyphicons-halflings-regular.ttf":"bootstrap/glyphicons-halflings-regular-38ab34013ba10653660d52a9cf85d53e.ttf","bootstrap/glyphicons-halflings-regular.woff":"bootstrap/glyphicons-halflings-regular-41eac767e76e3241f42674b78614369e.woff"}}